Iterations,Scalar_Time,SSE_Time,Scalar_Speed,SSE_Speed
10000000,0.316306,0.278223,31.614955,35.942392
50000000,1.601697,1.393331,31.216891,35.885228
100000000,3.161895,2.781364,31.626604,35.953582
250000000,7.913849,6.954233,31.590191,35.949328
500000000,15.807019,13.909587,31.631518,35.946430
1000000000,31.625835,27.816422,31.619718,35.949987
